,center,trials_list,count,End,Not Yet recruiting,Recruiting,position,lat,long
0,Research Site Villejuif Cedex 94805,"['NCT03530397', 'NCT04385368', 'NCT04493853', 'NCT04494425', 'NCT04504669', 'NCT04522323', 'NCT04538742', 'NCT04550260', 'NCT04556773', 'NCT04590963', 'NCT04642469', 'NCT04711252', 'NCT04931654', 'NCT04999969', 'NCT05048797']",15,['NCT04590963'],"['NCT04522323', 'NCT04642469', 'NCT04999969', 'NCT05048797']","['NCT03530397', 'NCT04385368', 'NCT04493853', 'NCT04494425', 'NCT04504669', 'NCT04538742', 'NCT04550260', 'NCT04556773', 'NCT04711252', 'NCT04931654']","48.792716, 2.359279",48.792716,2.359279
1,Research Site Saint-Herblain 44805,"['NCT04642469', 'NCT04862663', 'NCT03737643', 'NCT04494425', 'NCT04964934', 'NCT02264678', 'NCT03997123', 'NCT04385368', 'NCT04590963', 'NCT04784715']",10,"['NCT03737643', 'NCT02264678', 'NCT03997123', 'NCT04590963']",['NCT04784715'],"['NCT04642469', 'NCT04862663', 'NCT04494425', 'NCT04964934', 'NCT04385368']","47.210335, -1.651444",47.210335,-1.651444
2,Research Site Bordeaux 33076,"['NCT02264678', 'NCT03334617', 'NCT03737643', 'NCT04493853', 'NCT04564027', 'NCT04639219', 'NCT04999969', 'NCT04999969']",7,['NCT03737643'],['NCT04999969'],"['NCT02264678', 'NCT03334617', 'NCT04493853', 'NCT04564027', 'NCT04639219', 'NCT04999969']","44.837789, -0.57918",44.837789,-0.57918
3,Research Site Lyon Cedex 08 69373,"['NCT03737643', 'NCT03800134', 'NCT03997123', 'NCT04249362', 'NCT04590963', 'NCT04964934', 'NCT05104866']",7,"['NCT03737643', 'NCT03997123']","['NCT04964934', 'NCT05104866']","['NCT03800134', 'NCT04249362', 'NCT04590963']","45.764043, 4.835659",45.764043,4.835659
4,Research Site Montpellier 34070,"['NCT03997123', 'NCT04249362', 'NCT04550260', 'NCT04711252', 'NCT04784715', 'NCT04960709', 'NCT05104866']",7,['NCT03997123'],"['NCT04711252', 'NCT04960709', 'NCT05104866']","['NCT04249362', 'NCT04550260', 'NCT04784715']","43.59685959999999, 3.8502617",43.59685959999999,3.8502617
5,Research Site Dijon 21079,"['NCT03833154', 'NCT04494425', 'NCT04564027', 'NCT04590963', 'NCT04711252', 'NCT04999969', 'NCT05048797']",7,,"['NCT04564027', 'NCT04711252', 'NCT05048797']","['NCT03833154', 'NCT04494425', 'NCT04590963', 'NCT04999969']","47.43765200000001, 5.369123",47.43765200000001,5.369123
6,Research Site Bordeaux 33000,"['NCT03800134', 'NCT04385368', 'NCT04494425', 'NCT04532645', 'NCT04590963', 'NCT05048797']",6,"['NCT03800134', 'NCT04532645']",['NCT05048797'],"['NCT04385368', 'NCT04494425', 'NCT04590963']","44.8350088, -0.5872689999999999",44.8350088,-0.5872689999999999
7,Research Site Villejuif 94805,"['NCT02264678', 'NCT03833154', 'NCT03997123', 'NCT04639219', 'NCT04862663']",5,['NCT03997123'],,"['NCT02264678', 'NCT03833154', 'NCT04639219', 'NCT04862663']","48.792716, 2.359279",48.792716,2.359279
8,Research Site Lille 59000,"['NCT04236414', 'NCT04532645', 'NCT04550260', 'NCT04711252', 'NCT04960709']",5,['NCT04532645'],"['NCT04711252', 'NCT04960709']","['NCT04236414', 'NCT04550260']","50.6138111, 3.0423599",50.6138111,3.0423599
9,Research Site Villejuif 94800,"['NCT03334617', 'NCT03946800', 'NCT04236414', 'NCT05043090', 'NCT05104866']",5,['NCT03946800'],,"['NCT03334617', 'NCT04236414', 'NCT05043090', 'NCT05104866']","48.792716, 2.359279",48.792716,2.359279
10,Research Site Pierre-Bénite 69495,"['NCT04711252', 'NCT04784715', 'NCT03737643', 'NCT04493853', 'NCT04494425']",5,['NCT03737643'],,"['NCT04711252', 'NCT04784715', 'NCT04493853', 'NCT04494425']","45.7030349, 4.821038199999999",45.7030349,4.821038199999999
11,Research Site Toulouse Cedex 9 31059,"['NCT03997123', 'NCT04590963', 'NCT04784715', 'NCT05048797', 'NCT05104866']",5,"['NCT03997123', 'NCT04590963']",['NCT05104866'],"['NCT04784715', 'NCT05048797']","43.604652, 1.444209",43.604652,1.444209
12,Research Site Tours 37000,"['NCT03800134', 'NCT03833154', 'NCT04494425', 'NCT04532645', 'NCT04999969']",5,"['NCT03833154', 'NCT04532645']",['NCT04999969'],"['NCT03800134', 'NCT04494425']","47.3832745, 0.6897966",47.3832745,0.6897966
13,Research Site Plérin 22190,"['NCT03737643', 'NCT04305496', 'NCT04494425', 'NCT04711252', 'NCT05104866']",5,"['NCT03737643', 'NCT04305496']","['NCT04494425', 'NCT04711252']",['NCT05104866'],"48.534928, -2.770404",48.534928,-2.770404
14,Research Site Montpellier 34298,"['NCT03737643', 'NCT04493853', 'NCT04494425', 'NCT04592913', 'NCT04784715']",5,['NCT03737643'],['NCT04784715'],"['NCT04493853', 'NCT04494425', 'NCT04592913']","43.610769, 3.876716",43.610769,3.876716
15,Research Site Nice 06100,"['NCT03800134', 'NCT04493853', 'NCT04494425', 'NCT04592913', 'NCT04999969']",5,,['NCT04999969'],"['NCT03800134', 'NCT04493853', 'NCT04494425', 'NCT04592913']","43.7275796, 7.2598913",43.7275796,7.2598913
16,Research Site Besançon 25000,"['NCT03737643', 'NCT04494425', 'NCT05140382', 'NCT04305496', 'NCT04784715']",5,"['NCT03737643', 'NCT04305496']","['NCT05140382', 'NCT04784715']",['NCT04494425'],"47.2711117, 6.0282445",47.2711117,6.0282445
17,Centre Oscar Lambret Lille 59020,"['NCT03275298', 'NCT03275311', 'NCT03795207', 'NCT03848052', 'NCT04704934']",5,,['NCT03795207'],"['NCT03275298', 'NCT03275311', 'NCT03848052', 'NCT04704934']","50.6125231, 3.0328183",50.6125231,3.0328183
18,Research Site Vandoeuvre les Nancy 54519,"['NCT03737643', 'NCT04564027', 'NCT04784715', 'NCT04960709', 'NCT04999969']",5,['NCT03737643'],"['NCT04564027', 'NCT04960709', 'NCT04999969']",['NCT04784715'],"48.66111799999999, 6.17376",48.66111799999999,6.17376
19,Research Site Marseille 13273,"['NCT03737643', 'NCT04493853', 'NCT04494425', 'NCT04964934']",4,['NCT03737643'],['NCT04964934'],"['NCT04493853', 'NCT04494425']","43.296482, 5.36978",43.296482,5.36978
20,Centre Léon Bérard Lyon 69373,"['NCT03275298', 'NCT03275311', 'NCT03795207', 'NCT03848052']",4,,['NCT03795207'],"['NCT03275298', 'NCT03275311', 'NCT03848052']","45.7411939, 4.8776062",45.7411939,4.8776062
21,Institut Curie Paris 75005,"['NCT03275298', 'NCT03275311', 'NCT03848052', 'NCT03865511']",4,,['NCT03865511'],"['NCT03275298', 'NCT03275311', 'NCT03848052']","48.8409227, 2.343743",48.8409227,2.343743
22,Research Site Lyon 69373,"['NCT03530397', 'NCT04564027', 'NCT04592913', 'NCT05048797']",4,,"['NCT04564027', 'NCT05048797']","['NCT03530397', 'NCT04592913']","45.764043, 4.835659",45.764043,4.835659
23,Institut Claudius Regaud Toulouse 31059,"['NCT03275298', 'NCT03275311', 'NCT03848052', 'NCT04622319']",4,,,"['NCT03275298', 'NCT03275311', 'NCT03848052', 'NCT04622319']","43.5998704, 1.4330246",43.5998704,1.4330246
24,Research Site Poitiers 86021,"['NCT04590963', 'NCT04999969', 'NCT05061134']",3,,['NCT04590963'],['NCT04999969'],"46.559123, 0.045547",46.559123,0.045547
25,Research Site Nantes 44093,"['NCT04590963', 'NCT04592913', 'NCT05048797']",3,,"['NCT04590963', 'NCT05048797']",['NCT04592913'],"47.218371, -1.553621",47.218371,-1.553621
26,Research Site Marseille 13009,"['NCT03997123', 'NCT04249362', 'NCT04532645']",3,"['NCT03997123', 'NCT04532645']",,['NCT04249362'],"43.2290357, 5.4463322",43.2290357,5.4463322
27,Centre Jean Perrin Clermont-ferrand 63011,"['NCT03275298', 'NCT03275311', 'NCT03848052']",3,,,"['NCT03275298', 'NCT03275311', 'NCT03848052']","45.7582902, 3.0926694",45.7582902,3.0926694
28,Centre Paul Strauss Strasbourg 67065,"['NCT03275298', 'NCT03275311', 'NCT03848052']",3,,,"['NCT03275298', 'NCT03275311', 'NCT03848052']","48.576671, 7.750651",48.576671,7.750651
29,Research Site Rouen 76038,"['NCT04305496', 'NCT04590963', 'NCT04630756']",3,"['NCT04305496', 'NCT04590963']",['NCT04630756'],,"49.605263, 1.152009",49.605263,1.152009
30,Research Site Lyon 69008,"['NCT03997123', 'NCT04550260', 'NCT04960709']",3,['NCT03997123'],['NCT04960709'],['NCT04550260'],"45.7315386, 4.869616499999999",45.7315386,4.869616499999999
31,Research Site Rennes 35042,"['NCT04504669', 'NCT04784715', 'NCT05061134']",3,,['NCT04504669'],['NCT04784715'],"48.117266, -1.6777926",48.117266,-1.6777926
32,Centre Henri Becquerel Rouen 76038,"['NCT03275298', 'NCT03275311', 'NCT03848052']",3,,,"['NCT03275298', 'NCT03275311', 'NCT03848052']","49.439873, 1.1053274",49.439873,1.1053274
33,Research Site Rennes Cedex 9 35033,"['NCT04493853', 'NCT04592913', 'NCT05048797']",3,['NCT05048797'],,"['NCT04493853', 'NCT04592913']","48.117266, -1.6777926",48.117266,-1.6777926
34,Centre Georges-François Leclerc Dijon 21079,"['NCT03275298', 'NCT03275311', 'NCT03848052']",3,,,"['NCT03275298', 'NCT03275311', 'NCT03848052']","47.3198503, 5.0693657",47.3198503,5.0693657
35,Research Site Pierre-Bénite 69310,"['NCT04305496', 'NCT03334617', 'NCT03833154']",3,"['NCT04305496', 'NCT03334617']",,['NCT03833154'],"45.7026039, 4.8245191",45.7026039,4.8245191
36,Research Site Paris 75005,"['NCT04236414', 'NCT04494425', 'NCT04784715']",3,,['NCT04784715'],"['NCT04236414', 'NCT04494425']","48.8434912, 2.3518339",48.8434912,2.3518339
37,Centre François Baclesse Caen 14076,"['NCT03275298', 'NCT03275311', 'NCT03848052']",3,,,"['NCT03275298', 'NCT03275311', 'NCT03848052']","49.20388029999999, -0.3540918",49.20388029999999,-0.3540918
38,Research Site Le Mans 72000,"['NCT04494425', 'NCT04711252', 'NCT04784715']",3,,['NCT04494425'],"['NCT04711252', 'NCT04784715']","48.0157803, 0.1609266",48.0157803,0.1609266
39,Institut régional du Cancer Montpellier / Val d'Aurelle Montpellier 34298,"['NCT03275298', 'NCT03275311', 'NCT03848052']",3,,,"['NCT03275298', 'NCT03275311', 'NCT03848052']","43.64452980000001, 3.8387344",43.64452980000001,3.8387344
40,Institut Curie Paris 75248,"['NCT03875573', 'NCT04656652', 'NCT04912687']",3,,['NCT04912687'],"['NCT03875573', 'NCT04656652']","48.856614, 2.3522219",48.856614,2.3522219
41,Research Site Saint-cloud 92210,"['NCT04494425', 'NCT04711252', 'NCT04964934']",3,,['NCT04711252'],"['NCT04494425', 'NCT04964934']","48.8436899, 2.2143915",48.8436899,2.2143915
42,Institut Jean Godinot Reims 51056,"['NCT03275298', 'NCT03275311', 'NCT03848052']",3,,,"['NCT03275298', 'NCT03275311', 'NCT03848052']","49.2268007, 4.0227479",49.2268007,4.0227479
43,Institut Gustave Roussy Villejuif 94805,"['NCT03275298', 'NCT03275311', 'NCT03848052']",3,,,"['NCT03275298', 'NCT03275311', 'NCT03848052']","48.792716, 2.359279",48.792716,2.359279
44,Research Site Bordeaux 33030,"['NCT04711252', 'NCT04784715', 'NCT05104866']",3,,"['NCT04784715', 'NCT05104866']",['NCT04711252'],"44.837789, -0.57918",44.837789,-0.57918
45,Institut Curie - Hôpital René Huguenin Saint-Cloud 92210,"['NCT03275298', 'NCT03275311', 'NCT03848052']",3,,,"['NCT03275298', 'NCT03275311', 'NCT03848052']","48.8448436, 2.2182092",48.8448436,2.2182092
46,Institut Bergonié Bordeaux 33076,"['NCT03275298', 'NCT03275311', 'NCT03848052']",3,,,"['NCT03275298', 'NCT03275311', 'NCT03848052']","44.8233195, -0.5801172",44.8233195,-0.5801172
47,Institut Bergonie Bordeaux 33076,"['NCT03795207', 'NCT04705818', 'NCT04912687']",3,,['NCT03795207'],"['NCT04705818', 'NCT04912687']","44.8233195, -0.5801172",44.8233195,-0.5801172
48,Research Site Strasbourg 67033,"['NCT04493853', 'NCT04550260', 'NCT04590963']",3,,,"['NCT04493853', 'NCT04550260', 'NCT04590963']","48.756245, 7.69039",48.756245,7.69039
49,Institut Paoli-Calmettes Marseille 13273,"['NCT03275298', 'NCT03275311', 'NCT03848052']",3,,,"['NCT03275298', 'NCT03275311', 'NCT03848052']","43.2630412, 5.410851699999999",43.2630412,5.410851699999999
50,Research Site Vantoux 57070,"['NCT03800134', 'NCT04249362', 'NCT04964934']",3,,['NCT04964934'],"['NCT03800134', 'NCT04249362']","49.129373, 6.235028",49.129373,6.235028
51,Research Site Brest Cedex 29609,"['NCT03997123', 'NCT04592913', 'NCT04711252']",3,['NCT03997123'],,"['NCT04592913', 'NCT04711252']","48.390394, -4.486076",48.390394,-4.486076
52,Research Site Avignon 84918,"['NCT04532645', 'NCT04590963', 'NCT04592913']",3,['NCT04532645'],,"['NCT04590963', 'NCT04592913']","43.94931700000001, 4.805528",43.94931700000001,4.805528
53,Institut de cancérologie de l'Ouest - René Gauducheau Nantes 44805,"['NCT03275298', 'NCT03275311', 'NCT03848052']",3,,,"['NCT03275298', 'NCT03275311', 'NCT03848052']","47.23769679999999, -1.6372547",47.23769679999999,-1.6372547
54,Centre Antoine Lacassagne Nice 06189,"['NCT03275298', 'NCT03275311', 'NCT03848052']",3,,,"['NCT03275298', 'NCT03275311', 'NCT03848052']","43.7245208, 7.280241299999999",43.7245208,7.280241299999999
55,Research Site Nimes 30029,"['NCT04249362', 'NCT04964934']",2,,['NCT04964934'],['NCT04249362'],"43.836699, 4.360054",43.836699,4.360054
56,Research Site Marseille 13385,"['NCT03837899', 'NCT04960709']",2,,['NCT04960709'],['NCT03837899'],"43.296482, 5.36978",43.296482,5.36978
57,Institut de Cancérologie de l'Ouest - Paul Papin Angers 49933,"['NCT03275298', 'NCT03275311']",2,,,"['NCT03275298', 'NCT03275311']","47.47116159999999, -0.5518257",47.47116159999999,-0.5518257
58,Research Site Bayonne 64100,"['NCT04249362', 'NCT04960709']",2,,['NCT04960709'],['NCT04249362'],"43.5031621, -1.4724751",43.5031621,-1.4724751
59,Research Site Avignon Cedex 09 84918,"['NCT04494425', 'NCT04964934']",2,,,"['NCT04494425', 'NCT04964934']","43.94931700000001, 4.805528",43.94931700000001,4.805528
60,Research Site Besançon Cedex 25030,"['NCT04493853', 'NCT04592913']",2,,,"['NCT04493853', 'NCT04592913']","47.261322, 5.871637",47.261322,5.871637
61,Research Site Paris 75012,"['NCT03737643', 'NCT04592913']",2,['NCT03737643'],,['NCT04592913'],"48.8293647, 2.4265406",48.8293647,2.4265406
62,Research Site Marseille 13915,"['NCT04385368', 'NCT04642469']",2,,['NCT04642469'],['NCT04385368'],"43.296482, 5.36978",43.296482,5.36978
63,Research Site Nice 06189,"['NCT04960709', 'NCT05043090']",2,,"['NCT04960709', 'NCT05043090']",,"43.7101728, 7.261953200000001",43.7101728,7.261953200000001
64,Centre Oscar Lambret Lille 59000,"['NCT03302884', 'NCT04622319']",2,,,"['NCT03302884', 'NCT04622319']","50.6125231, 3.0328183",50.6125231,3.0328183
65,Research Site Bordeaux Cedex 33075,"['NCT03530397', 'NCT04960709']",2,,['NCT04960709'],['NCT03530397'],"44.837789, -0.57918",44.837789,-0.57918
66,Research Site Creteil 94010,"['NCT04504669', 'NCT05140382']",2,,"['NCT04504669', 'NCT05140382']",,"48.790367, 2.455572",48.790367,2.455572
67,Research Site Marseille 13005,"['NCT04236414', 'NCT04590963']",2,,,"['NCT04236414', 'NCT04590963']","43.2916612, 5.3965729",43.2916612,5.3965729
68,Institut Bergonie Bordeaux 33000,"['NCT04042701', 'NCT04622319']",2,,,"['NCT04042701', 'NCT04622319']","44.8233195, -0.5801172",44.8233195,-0.5801172
69,Research Site Limoges 87000,"['NCT04249362', 'NCT04532645']",2,['NCT04532645'],,['NCT04249362'],"45.8282652, 1.2639382",45.8282652,1.2639382
70,Research Site Limoges 83000,"['NCT04964934', 'NCT05061550']",2,,,['NCT04964934'],"45.83361900000001, 1.261105",45.83361900000001,1.261105
71,Research Site Lille cedex 59020,"['NCT03833154', 'NCT05104866']",2,['NCT03833154'],['NCT05104866'],,"50.62925, 3.057256",50.62925,3.057256
72,Research Site Brest 29609,"['NCT04305496', 'NCT04494425']",2,['NCT04305496'],,['NCT04494425'],"48.390394, -4.486076",48.390394,-4.486076
73,Research Site Lille Cedex 59037,"['NCT04630756', 'NCT05140382']",2,,"['NCT04630756', 'NCT05140382']",,"50.62925, 3.057256",50.62925,3.057256
74,Research Site Lille Cedex 59020,"['NCT03837899', 'NCT03997123']",2,['NCT03997123'],,['NCT03837899'],"50.62925, 3.057256",50.62925,3.057256
75,Research Site Caen Cedex 05 14076,"['NCT04494425', 'NCT04711252']",2,,['NCT04711252'],['NCT04494425'],"49.228056, -0.300062",49.228056,-0.300062
76,Research Site Caen Cedex 14076,"['NCT03737643', 'NCT04784715']",2,['NCT03737643'],['NCT04784715'],,"49.228056, -0.300062",49.228056,-0.300062
77,Research Site Dijon 21000,"['NCT04532645', 'NCT04592913']",2,['NCT04532645'],,['NCT04592913'],"47.3237985, 5.0386146",47.3237985,5.0386146
78,Research Site Nice 6189,"['NCT03997123', 'NCT04590963']",2,"['NCT03997123', 'NCT04590963']",,,"43.7101728, 7.261953200000001",43.7101728,7.261953200000001
79,Research Site Rouen Cedex 76031,"['NCT03800134', 'NCT04550260']",2,['NCT03800134'],,['NCT04550260'],"49.44323199999999, 1.099971",49.44323199999999,1.099971
80,Centre Eugène Marquis Rennes 35042,"['NCT03275298', 'NCT03275311']",2,,,"['NCT03275298', 'NCT03275311']","48.1197617, -1.6956459",48.1197617,-1.6956459
81,Research Site Pessac 33604,"['NCT04642469', 'NCT04865419']",2,,['NCT04865419'],['NCT04642469'],"44.80583, -0.630386",44.80583,-0.630386
82,Research Site Suresnes 92151,"['NCT04493853', 'NCT04960709']",2,,['NCT04960709'],['NCT04493853'],"48.869798, 2.219033",48.869798,2.219033
83,Research Site Reims 51100,"['NCT04550260', 'NCT05104866']",2,,['NCT05104866'],['NCT04550260'],"49.2442751, 4.0346212",49.2442751,4.0346212
84,Research Site Rennes 35000,"['NCT04494425', 'NCT04960709']",2,,['NCT04960709'],['NCT04494425'],"48.11734209999999, -1.7075198",48.11734209999999,-1.7075198
85,Centre Georges François Leclerc Dijon 21079,"['NCT03795207', 'NCT03875573']",2,,['NCT03795207'],['NCT03875573'],"47.3198503, 5.0693657",47.3198503,5.0693657
86,Centre Georges François Leclerc Dijon 21000,"['NCT04169841', 'NCT04622319']",2,,,"['NCT04169841', 'NCT04622319']","47.3198503, 5.0693657",47.3198503,5.0693657
87,Research Site Strasbourg Cedex 67091,"['NCT04385368', 'NCT04642469']",2,,,"['NCT04385368', 'NCT04642469']","48.5734053, 7.752111299999999",48.5734053,7.752111299999999
88,Research Site Paris Cedex 14 75674,"['NCT03737643', 'NCT04493853']",2,['NCT03737643'],,['NCT04493853'],"48.856614, 2.3522219",48.856614,2.3522219
89,Research Site Paris Cedex 5 75248,"['NCT04964934', 'NCT05048797']",2,['NCT05048797'],,['NCT04964934'],"48.856614, 2.3522219",48.856614,2.3522219
90,Research Site Toulouse 31059,"['NCT03833154', 'NCT04865419']",2,,['NCT04865419'],['NCT03833154'],"43.604652, 1.444209",43.604652,1.444209
91,Centre Leon Berard Lyon 69008,"['NCT04622319', 'NCT04656652']",2,,,"['NCT04622319', 'NCT04656652']","45.7411939, 4.8776062",45.7411939,4.8776062
92,Research Site Paris 75015,"['NCT03737643', 'NCT03833154']",2,['NCT03737643'],,['NCT03833154'],"48.86673099999999, 2.278101",48.86673099999999,2.278101
93,Research Site Calais 62100,['NCT04532645'],1,['NCT04532645'],,,"50.9449796, 1.8871508",50.9449796,1.8871508
94,Research Site Bourg-en-Bresse 01012,['NCT04532645'],1,['NCT04532645'],,,"46.2017118, 5.2170461",46.2017118,5.2170461
95,Research Site Toulouse 31052,['NCT05043090'],1,,['NCT05043090'],,"43.604652, 1.444209",43.604652,1.444209
96,Research Site Toulouse 31000,['NCT04385368'],1,,,['NCT04385368'],"43.6046256, 1.444205",43.6046256,1.444205
97,Research Site Brest 29200,['NCT04532645'],1,['NCT04532645'],,,"48.4012202, -4.492127",48.4012202,-4.492127
98,Research Site Toulon Cedex 9 83800,['NCT03800134'],1,,,['NCT03800134'],"43.124228, 5.928",43.124228,5.928
99,Research Site Saint-Priez En Jarez 42270,['NCT04999969'],1,,,['NCT04999969'],"45.4771259, 4.3715882",45.4771259,4.3715882
100,Research Site Strasbourg 67091,['NCT04960709'],1,,['NCT04960709'],,"48.5734053, 7.752111299999999",48.5734053,7.752111299999999
101,Research Site Saint-Gregoire 35760,['NCT04532645'],1,['NCT04532645'],,,"48.153561, -1.683146",48.153561,-1.683146
102,Research Site Suresnes 92150,['NCT05061550'],1,,,,"48.8712834, 2.21935",48.8712834,2.21935
103,Research Site Bron 69677,['NCT03833154'],1,,,['NCT03833154'],"45.73331599999999, 4.911926999999999",45.73331599999999,4.911926999999999
104,Research Site Boulogne Billancourt 92100,['NCT05061134'],1,,,,"48.833209, 2.2359802",48.833209,2.2359802
105,Research Site Saint-Pierre 97410,['NCT04532645'],1,['NCT04532645'],,,"46.227638, 2.213749",46.227638,2.213749
106,Research Site Saint Cloud 92210,['NCT04784715'],1,,['NCT04784715'],,"48.8436899, 2.2143915",48.8436899,2.2143915
107,Research Site Toulouse 31300,['NCT04236414'],1,,,['NCT04236414'],"43.6051074, 1.3903425",43.6051074,1.3903425
108,Research Site Toulouse 31100,['NCT04964934'],1,,['NCT04964934'],,"43.5618224, 1.3951694",43.5618224,1.3951694
109,Research Site Clermont Ferrand 63003,['NCT05140382'],1,,['NCT05140382'],,"45.77722199999999, 3.087025",45.77722199999999,3.087025
110,University Cancer Institute Toulouse Toulouse 31100,['NCT04042701'],1,,,['NCT04042701'],"43.5618224, 1.3951694",43.5618224,1.3951694
111,Polyclinique de Limoges - Clinique Chenieux Limoges 87039,['NCT04027868'],1,,['NCT04027868'],,"45.8131727, 1.2834167",45.8131727,1.2834167
112,Research Site Amiens 80090,['NCT04960709'],1,,['NCT04960709'],,"49.8776661, 2.3200417",49.8776661,2.3200417
113,Research Site Avignon 84000,['NCT04784715'],1,,,['NCT04784715'],"43.94700419999999, 4.8209596",43.94700419999999,4.8209596
114,The Sel of Centre dOncologie de Gentilly Nancy 54000,['NCT04622319'],1,,,['NCT04622319'],"48.7012741, 6.139445",48.7012741,6.139445
115,Strasbourg Europe Cancer Institute Strasbourg 67033,['NCT04622319'],1,,,['NCT04622319'],"48.5734053, 7.752111299999999",48.5734053,7.752111299999999
116,Research Site Vandoeuvre-les-Nancy 54519,['NCT04532645'],1,['NCT04532645'],,,"48.66111799999999, 6.17376",48.66111799999999,6.17376
117,Research Site Avignon Cedex 84902,['NCT03800134'],1,,,['NCT03800134'],"43.94931700000001, 4.805528",43.94931700000001,4.805528
118,Research Site BESANCON Cedex 25030,['NCT04550260'],1,,,['NCT04550260'],"47.261322, 5.871637",47.261322,5.871637
119,Research Site Vandoeuvre les Nancy Cedex 54511,['NCT03837899'],1,,,['NCT03837899'],"48.66111799999999, 6.17376",48.66111799999999,6.17376
120,Research Site Besancon Cedex 25030,['NCT04711252'],1,,['NCT04711252'],,"47.261322, 5.871637",47.261322,5.871637
121,Research Site Vandoeuvre Les Nancy 54000,['NCT04711252'],1,,['NCT04711252'],,"48.6896459, 6.1737197",48.6896459,6.1737197
122,Research Site Valenciennes 59300,['NCT04532645'],1,['NCT04532645'],,,"50.357113, 3.518332",50.357113,3.518332
123,Research Site Bobigny Cedex 93009,['NCT05057494'],1,,,,"48.908612, 2.439712",48.908612,2.439712
124,Research Site Tours 37044,['NCT05057494'],1,,,,"46.944525, 0.89483",46.944525,0.89483
125,Research Site Toulouse cedex 9 31059,['NCT04305496'],1,['NCT04305496'],,,"43.604652, 1.444209",43.604652,1.444209
126,Research Site Toulouse Cedex 09 31059,['NCT04504669'],1,['NCT04504669'],,,"43.604652, 1.444209",43.604652,1.444209
127,Research Site Bordeaux 33075,['NCT05043090'],1,,,['NCT05043090'],"44.837789, -0.57918",44.837789,-0.57918
128,Research Site Toulouse CEDEX 09 31059,['NCT04642469'],1,['NCT04642469'],,,"43.604652, 1.444209",43.604652,1.444209
129,Research Site Chalon-sur-Saone 71321,['NCT04532645'],1,['NCT04532645'],,,"46.780764, 4.853947",46.780764,4.853947
130,Research Site Paris 75014,['NCT04532645'],1,['NCT04532645'],,,"48.8314408, 2.3255684",48.8314408,2.3255684
131,Research Site Clermont Ferrand 63011,['NCT04960709'],1,,['NCT04960709'],,"45.77722199999999, 3.087025",45.77722199999999,3.087025
132,Research Site Clermont Ferrand cedex 01 63011,['NCT04590963'],1,,,['NCT04590963'],"45.77722199999999, 3.087025",45.77722199999999,3.087025
133,Research Site Marseille CEDEX 13273,['NCT04960709'],1,,['NCT04960709'],,"43.296482, 5.36978",43.296482,5.36978
134,Research Site Marseille CEDEX 5 13385,['NCT05061134'],1,,,,"43.296482, 5.36978",43.296482,5.36978
135,Research Site Marseille cedex 13915,['NCT05048797'],1,,['NCT05048797'],,"43.296482, 5.36978",43.296482,5.36978
136,Research Site Metz 74370,['NCT04964934'],1,,['NCT04964934'],,"45.9388861, 6.1036278",45.9388861,6.1036278
137,Research Site Metz Cedex 03 57085,['NCT04305496'],1,['NCT04305496'],,,"46.227638, 2.213749",46.227638,2.213749
138,Research Site Montpellier 34000,['NCT04305496'],1,['NCT04305496'],,,"43.6047275, 3.9011747",43.6047275,3.9011747
139,Research Site Paris cedex 10 75475,['NCT04592913'],1,,,['NCT04592913'],"48.856614, 2.3522219",48.856614,2.3522219
140,Research Site Montpellier Cedex 05 34298,['NCT04590963'],1,,,['NCT04590963'],"43.610769, 3.876716",43.610769,3.876716
141,Research Site Montpellier Cedex 5 34295,['NCT05057494'],1,,,,"43.610769, 3.876716",43.610769,3.876716
142,Research Site Nantes 44202,['NCT03737643'],1,['NCT03737643'],,,"47.218371, -1.553621",47.218371,-1.553621
143,Research Site Nantes Cedex 1 44093,['NCT03334617'],1,,,['NCT03334617'],"47.218371, -1.553621",47.218371,-1.553621
144,Research Site Paris Cedex 05 75248,['NCT03837899'],1,,,['NCT03837899'],"48.856614, 2.3522219",48.856614,2.3522219
145,Research Site Paris 75960,['NCT04532645'],1,['NCT04532645'],,,"46.227638, 2.213749",46.227638,2.213749
146,Pharmacie ICLN Saint-Priest-en-Jarez 42270,['NCT04704934'],1,,,['NCT04704934'],"45.4771259, 4.3715882",45.4771259,4.3715882
147,Research Site Nice Cedex 2 06189,['NCT04784715'],1,,['NCT04784715'],,"43.7101728, 7.261953200000001",43.7101728,7.261953200000001
148,Research Site Paris 75877,['NCT03334617'],1,,,['NCT03334617'],"46.227638, 2.213749",46.227638,2.213749
149,Research Site Paris 75020,['NCT03997123'],1,['NCT03997123'],,,"48.8599825, 2.4066412",48.8599825,2.4066412
150,Research Site Paris cedex 15 75900,['NCT04592913'],1,,,['NCT04592913'],"48.856614, 2.3522219",48.856614,2.3522219
151,Research Site Pau Cedex 64046,['NCT05061134'],1,,,,"43.301675, -1.172507",43.301675,-1.172507
152,Research Site Poitiers Cedex 86021,['NCT04564027'],1,,['NCT04564027'],,"46.559123, 0.045547",46.559123,0.045547
153,Research Site Rennes 35062,['NCT03737643'],1,['NCT03737643'],,,"48.117266, -1.6777926",48.117266,-1.6777926
154,Research Site Clermont-Ferrand 63050,['NCT04964934'],1,,,['NCT04964934'],"45.77722199999999, 3.087025",45.77722199999999,3.087025
155,Research Site STRASBOURG Cedex 67065,['NCT04305496'],1,['NCT04305496'],,,"48.5734053, 7.752111299999999",48.5734053,7.752111299999999
156,Research Site Rouen 76031,['NCT04249362'],1,,,['NCT04249362'],"49.44323199999999, 1.099971",49.44323199999999,1.099971
157,Research Site Grenoble 38000,['NCT04532645'],1,['NCT04532645'],,,"45.18942980000001, 5.7165413",45.18942980000001,5.7165413
158,Research Site Langon 33210,['NCT04532645'],1,['NCT04532645'],,,"44.555419, -0.245126",44.555419,-0.245126
159,Research Site Le Mans Cedex 72037,['NCT05048797'],1,,['NCT05048797'],,"48.00611000000001, 0.199556",48.00611000000001,0.199556
160,Research Site Rouen 76021,['NCT04964934'],1,,,['NCT04964934'],"49.44323199999999, 1.099971",49.44323199999999,1.099971
161,Research Site Limoges Cedex 87042,['NCT03737643'],1,['NCT03737643'],,,"45.90805599999999, 1.507666",45.90805599999999,1.507666
162,Research Site Pontoise 95300,['NCT04532645'],1,['NCT04532645'],,,"49.0929069, 2.1041248",49.0929069,2.1041248
163,Research Site Lorient cedex 56322,['NCT04964934'],1,,,['NCT04964934'],"47.7482524, -3.3702449",47.7482524,-3.3702449
164,Research Site Quint-Fonsegrives 31130,['NCT04960709'],1,,['NCT04960709'],,"43.5842081, 1.5150758",43.5842081,1.5150758
165,Research Site Quimper Cedex 29107,['NCT04493853'],1,,,['NCT04493853'],"48.06303399999999, -3.978094",48.06303399999999,-3.978094
166,Research Site Lyon Cedex 08 69008,['NCT04639219'],1,,,['NCT04639219'],"45.7315386, 4.869616499999999",45.7315386,4.869616499999999
167,Research Site Pringy 74374,['NCT04305496'],1,['NCT04305496'],,,"45.946463, 6.121892",45.946463,6.121892
168,Research Site Lyon Cedex 4 69317,['NCT03833154'],1,,,['NCT03833154'],"45.764043, 4.835659",45.764043,4.835659
169,Research Site MONTPELLIER Cedex 5 34295,['NCT05140382'],1,,['NCT05140382'],,"43.610769, 3.876716",43.610769,3.876716
170,AP-HM Hôpital Nord Marseille Marseille 13915,['NCT03865511'],1,,['NCT03865511'],,"43.296482, 5.36978",43.296482,5.36978
171,Institut de Cancerologie Strasbourg Europe ( Site 0613) Strasbourg 67033,['NCT03742895'],1,,,['NCT03742895'],"48.5940073, 7.7093834",48.5940073,7.7093834
172,Institut de cancerologie de l'ouest Saint-Herblain 44360,['NCT04622319'],1,,,['NCT04622319'],"47.23829569999999, -1.6371067",47.23829569999999,-1.6371067
173,Institut de cancerologie de l'Ouest Saint-Herblain 44805,['NCT03958136'],1,,,['NCT03958136'],"47.23829569999999, -1.6371067",47.23829569999999,-1.6371067
174,Centre Hospitalier Universitaire DUPUYTREN Limoges 87042,['NCT05049044'],1,,,['NCT05049044'],"45.8125683, 1.2353794",45.8125683,1.2353794
175,Centre Hospitalier Universitaire Angers 49033,['NCT05049044'],1,,,['NCT05049044'],"47.4809661, -0.5546124",47.4809661,-0.5546124
176,Centre Hospitalier Sud Francilien Corbeil-Essonnes 91106,['NCT04027868'],1,,['NCT04027868'],,"48.6205823, 2.4563603",48.6205823,2.4563603
177,Centre Hospitalier Régional Orléans 45000,['NCT05049044'],1,,['NCT05049044'],,"47.8353634, 1.9201458",47.8353634,1.9201458
178,Centre Hospitalier Layné Mont-de-Marsan 40000,['NCT04027868'],1,,['NCT04027868'],,"43.8942212, -0.4862487",43.8942212,-0.4862487
179,Centre Hospitalier Intercommunal de Quimper Quimper 29000,['NCT05049044'],1,,,['NCT05049044'],"47.997542, -4.097899",47.997542,-4.097899
180,Centre Hospitalier Intercommunal de Fréjus Saint Raphael Fréjus 83600,['NCT04027868'],1,,['NCT04027868'],,"43.43889410000001, 6.753146399999999",43.43889410000001,6.753146399999999
181,Centre Hospitalier Intercommunal de Créteil Creteil 94010,['NCT05049044'],1,,,['NCT05049044'],"48.790367, 2.455572",48.790367,2.455572
182,Centre Hospitalier Départemental de Vendée La Roche-sur-Yon 85925,['NCT04027868'],1,,['NCT04027868'],,"46.670511, -1.426442",46.670511,-1.426442
183,Centre Hosp Univ de Grenoble CHUG La Tronche 38700,['NCT04622319'],1,,,['NCT04622319'],"45.202285, 5.741472",45.202285,5.741472
184,Centre Henri Becquerel Rouen 76000,['NCT04027868'],1,,['NCT04027868'],,"49.439873, 1.1053274",49.439873,1.1053274
185,Centre Georges Francois Leclerc ( Site 0608) Dijon 21000,['NCT03742895'],1,,,['NCT03742895'],"47.3198503, 5.0693657",47.3198503,5.0693657
186,Centre Eugene Marquis Rennes 35042,['NCT04622319'],1,,['NCT04622319'],,"48.1197617, -1.6956459",48.1197617,-1.6956459
187,Centre Catalan d'Oncologie Perpignan 66000,['NCT05049044'],1,,,['NCT05049044'],"42.6954809, 2.8643546",42.6954809,2.8643546
188,Centre Azuréen de Cancérologie Mougins 06250,['NCT04027868'],1,,['NCT04027868'],,"43.608424, 7.011423",43.608424,7.011423
189,Centre Hospitalier Universitaire de Grenoble Grenoble 38043,['NCT04656652'],1,,,['NCT04656652'],"45.202285, 5.741472",45.202285,5.741472
190,Centre Hospitalier d'Aix en Provence Aix En Provence 13616,['NCT05049044'],1,,,['NCT05049044'],"43.5354089, 5.4426888",43.5354089,5.4426888
191,Centre Hospitalier d'Alès Alès 30100,['NCT05025514'],1,,,['NCT05025514'],"44.1188349, 4.0558856",44.1188349,4.0558856
192,Centre Hospitalier du bassin de Thau Sete 34200,['NCT05025514'],1,,,['NCT05025514'],"43.4104812, 3.6687608",43.4104812,3.6687608
193,Chits Ch Sainte Musse Toulon 83056,['NCT03865511'],1,,,['NCT03865511'],"43.1223815, 5.9920594",43.1223815,5.9920594
194,Chbs Lorient Lorient 56100,['NCT03795207'],1,,['NCT03795207'],,"47.7530002, -3.356251",47.7530002,-3.356251
195,Centre de Cancérologie du Grand Montpellier Montpellier 34070,['NCT04622319'],1,,,['NCT04622319'],"43.6132712, 3.8512556",43.6132712,3.8512556
196,Centre Médicale Sainte Feyre Alfred Leune Sainte-Feyre 23000,['NCT04027868'],1,,['NCT04027868'],,"46.13952099999999, 1.91504",46.13952099999999,1.91504
197,Centre Leon Berard Lyon Cedex 08 69373,['NCT04704934'],1,,,['NCT04704934'],"45.7411939, 4.8776062",45.7411939,4.8776062
198,Centre Jean Perrin Clermont Ferrand 63011,['NCT03302884'],1,,,['NCT03302884'],"45.7582902, 3.0926694",45.7582902,3.0926694
199,Centre Hospitalier du Morvan Brest 29200,['NCT05049044'],1,,,['NCT05049044'],"48.3930252, -4.486551899999999",48.3930252,-4.486551899999999
200,Centre Hospitalier d'Annecy Annecy 74374,['NCT05049044'],1,,,['NCT05049044'],"45.9335978, 6.1171331",45.9335978,6.1171331
201,Centre Hospitalier du Cotentin Cherbourg 50102,['NCT05049044'],1,,,['NCT05049044'],"49.6338979, -1.622224",49.6338979,-1.622224
202,Centre Hospitalier de Villefranche sur Saone Villefranche Sur Saone 69655,['NCT05049044'],1,,,['NCT05049044'],"45.991471, 4.718821",45.991471,4.718821
203,Centre Hospitalier de Chauny Chauny 02300,['NCT05049044'],1,,,['NCT05049044'],"49.6255157, 3.2339975",49.6255157,3.2339975
204,Centre Hospitalier de Chateauroux Châteauroux 36000,['NCT04027868'],1,,['NCT04027868'],,"46.79881590000001, 1.6979288",46.79881590000001,1.6979288
205,Centre Hospitalier de Beauvais Beauvais 60021,['NCT04027868'],1,,['NCT04027868'],,"49.4503874, 2.0710996",49.4503874,2.0710996
206,Centre Hospitalier d'Elbeuf - Pneumologie Elbeuf 76503,['NCT05049044'],1,,,['NCT05049044'],"49.300608, 0.9926691",49.300608,0.9926691
207,Centre Antoine Lacassagne Nice 6189,['NCT04622319'],1,,,['NCT04622319'],"43.7245208, 7.280241299999999",43.7245208,7.280241299999999
208,Centre Antoine Lacassagne Nice 06000,['NCT04027868'],1,,['NCT04027868'],,"43.7245208, 7.280241299999999",43.7245208,7.280241299999999
209,Centre Antoine Lacassagne ( Site 0610) Nice 06189,['NCT03742895'],1,,,['NCT03742895'],"43.7245208, 7.280241299999999",43.7245208,7.280241299999999
210,CHD Vendee La Roche-sur-Yon 85925 cedex 9,['NCT04622319'],1,,,['NCT04622319'],"46.670511, -1.426442",46.670511,-1.426442
211,CHRU Lille Lille 59037,['NCT04912687'],1,,['NCT04912687'],,"50.62925, 3.057256",50.62925,3.057256
212,CHRU Brest Brest 29200,['NCT04705818'],1,,['NCT04705818'],,"48.4014634, -4.527764299999999",48.4014634,-4.527764299999999
213,CHRU Brest 29200,['NCT04704934'],1,,,['NCT04704934'],"48.4007028, -4.458444",48.4007028,-4.458444
214,CHR Metz-Thionville Metz cedex 03 57085,['NCT04622319'],1,,,['NCT04622319'],"49.3494114, 6.156671999999999",49.3494114,6.156671999999999
215,CHR Metz Thionville 45001,['NCT04027868'],1,,['NCT04027868'],,"49.3494114, 6.156671999999999",49.3494114,6.156671999999999
216,CHD Vendée La Roche-sur-Yon 85925,['NCT03865511'],1,,['NCT03865511'],,"46.670511, -1.426442",46.670511,-1.426442
217,CH de Cholet Cholet 49300,['NCT03865511'],1,,,['NCT03865511'],"47.04223440000001, -0.8962863000000001",47.04223440000001,-0.8962863000000001
218,CHU Amiens-Picardie Amiens 80054,['NCT05049044'],1,,,['NCT05049044'],"49.8726347, 2.2536247",49.8726347,2.2536247
219,CH de Bigorre Tarbes Tarbes 65013,['NCT05049044'],1,,,['NCT05049044'],"43.2206175, 0.0551684",43.2206175,0.0551684
220,CH de Bigorre Tarbes Cedex 9 65013,['NCT05025514'],1,,,['NCT05025514'],"43.2206175, 0.0551684",43.2206175,0.0551684
221,CH d'Auch Auch 32008,['NCT05025514'],1,,,['NCT05025514'],"43.6306927, 0.5755612999999999",43.6306927,0.5755612999999999
222,CH Le Mans Le Mans 72000,['NCT03865511'],1,,,['NCT03865511'],"48.0152927, 0.1773646",48.0152927,0.1773646
223,CH DU MOENCHSBERG - Hôpital Emile Muller Mulhouse 68051,['NCT03865511'],1,,['NCT03865511'],,"47.7262425, 7.3438251",47.7262425,7.3438251
224,APHM - Hopital Nord Marseille 13915,['NCT04656652'],1,,,['NCT04656652'],"43.296482, 5.36978",43.296482,5.36978
225,CHRU de Brest Brest 29200,['NCT03795207'],1,,['NCT03795207'],,"48.3927799, -4.486178",48.3927799,-4.486178
226,CHU Hôpital Nord Saint-Étienne 42055,['NCT05049044'],1,,,['NCT05049044'],"45.4760329, 4.3678168",45.4760329,4.3678168
227,CROMG Agen 47000,['NCT04027868'],1,,['NCT04027868'],,"44.2082671, 0.6138605",44.2082671,0.6138605
228,CHU Timone Marseille 13385,['NCT04042701'],1,,,['NCT04042701'],"43.2901133, 5.4021953",43.2901133,5.4021953
229,CHU de Rennes - Hopital Pontchaillou Rennes 35033,['NCT04912687'],1,,['NCT04912687'],,"48.1209013, -1.6945449",48.1209013,-1.6945449
230,CHU de Poitiers Poitiers 86021,['NCT04622319'],1,,,['NCT04622319'],"46.5568835, 0.3829202",46.5568835,0.3829202
231,CHU de Poitier Pole regional de Cancerologie Poitiers 86000,['NCT04656652'],1,,,['NCT04656652'],"46.5585959, 0.3836591",46.5585959,0.3836591
232,CHU de Nantes Nantes 44000,['NCT03865511'],1,,,['NCT03865511'],"47.212046, -1.5543264",47.212046,-1.5543264
233,CHU de Limoges Limoges 87042,['NCT04027868'],1,,['NCT04027868'],,"45.8125683, 1.2353794",45.8125683,1.2353794
234,CHU Toulouse Hopital Larrey Toulouse 31059,['NCT04656652'],1,,,['NCT04656652'],"43.5525934, 1.4527024",43.5525934,1.4527024
235,CHU Strasbourg Strasbourg 67091,['NCT04912687'],1,,['NCT04912687'],,"48.5933098, 7.707158000000001",48.5933098,7.707158000000001
236,CHU La Réunion Site Nord Saint-Denis 97411,['NCT05049044'],1,,,['NCT05049044'],"48.936181, 2.357443",48.936181,2.357443
237,CHU Ponchaillou Rennes 35000,['NCT05049044'],1,,,['NCT05049044'],"48.1209013, -1.6945449",48.1209013,-1.6945449
238,CHU Poitiers Poitiers 86021,['NCT04912687'],1,,['NCT04912687'],,"46.5568835, 0.3829202",46.5568835,0.3829202
239,CHU Poitiers Poitiers 86000,['NCT04705818'],1,,['NCT04705818'],,"46.5568835, 0.3829202",46.5568835,0.3829202
240,CHU Poitiers ( Site 0612) Poitiers 86021,['NCT03742895'],1,,,['NCT03742895'],"46.5568835, 0.3829202",46.5568835,0.3829202
241,CHU Nice-Hopital de Cimiel Nice 06000,['NCT04912687'],1,,['NCT04912687'],,"43.7209925, 7.273405100000001",43.7209925,7.273405100000001
243,Chru Pontchaillou Rennes 35033,['NCT03865511'],1,,['NCT03865511'],,"48.1331, -1.702699",48.1331,-1.702699
244,Clinique Belharra Bayonne 64100,['NCT04027868'],1,,['NCT04027868'],,"43.47898319999999, -1.4533603",43.47898319999999,-1.4533603
245,Clinique Claude Bernard Albi 81000,['NCT05025514'],1,,,['NCT05025514'],"43.9302708, 2.1646249",43.9302708,2.1646249
246,Hôpital du Scorff Lorient 56100,['NCT05049044'],1,,,['NCT05049044'],"47.7530002, -3.356251",47.7530002,-3.356251
247,Institut Bergonie ( Site 0603) Bordeaux 33076,['NCT03742895'],1,,,['NCT03742895'],"44.8233195, -0.5801172",44.8233195,-0.5801172
248,"IUC AP-HP. Sorbonne Université, Hôpital Tenon Paris 75020",['NCT04622319'],1,,,['NCT04622319'],"48.86064649999999, 2.4070846",48.86064649999999,2.4070846
249,ICO Saint-Herblain 44805,['NCT03795207'],1,,,['NCT03795207'],"47.210335, -1.651444",47.210335,-1.651444
250,ICANS - Institut de cancérologie Strasbourg Europe Strasbourg 67037,['NCT04027868'],1,,['NCT04027868'],,"48.5940073, 7.7093834",48.5940073,7.7093834
251,Hôpitaux Drôme Nord - Centre Hospitalier Romans Romans-sur-Isère 26100,['NCT04027868'],1,,['NCT04027868'],,"45.0417613, 5.0199769",45.0417613,5.0199769
252,Hôpital privé de l'estuaire Le Havre 76600,['NCT04027868'],1,,['NCT04027868'],,"49.5286906, 0.1008775",49.5286906,0.1008775
253,Hôpital de la Pitié Salpétrière Paris 75000,['NCT04027868'],1,,['NCT04027868'],,"48.8370792, 2.3650429",48.8370792,2.3650429
254,Institut De Cancerologie De La Loire Saint-Priest-en-Jarez 42270,['NCT04622319'],1,,,['NCT04622319'],"45.4742055, 4.367904",45.4742055,4.367904
255,Hôpital de la Croix Rousse Lyon 60004,['NCT04027868'],1,,['NCT04027868'],,"45.7818261, 4.8309713",45.7818261,4.8309713
256,Hôpital de Meaux Meaux 77100,['NCT05049044'],1,['NCT05049044'],,,"48.9673077, 2.8865536",48.9673077,2.8865536
257,Hôpital d'Instruction des Armées Ste Anne Toulon 83800,['NCT05049044'],1,,,['NCT05049044'],"43.13342859999999, 5.929660999999999",43.13342859999999,5.929660999999999
258,Hôpital d'Instruction des Armées Saint-Anne Toulon 83800,['NCT04027868'],1,,['NCT04027868'],,"43.124228, 5.928",43.124228,5.928
259,Hôpital Privé d'Antony Antony 92160,['NCT05049044'],1,['NCT05049044'],,,"48.7567574, 2.302302",48.7567574,2.302302
260,Hôpital Privé d'Antony - Ramsay Santé Antony 92160,['NCT04027868'],1,,['NCT04027868'],,"48.7567574, 2.302302",48.7567574,2.302302
261,Institut Curie - Site Saint Cloud Saint-Cloud 92210,['NCT04027868'],1,,['NCT04027868'],,"48.8448436, 2.2182092",48.8448436,2.2182092
262,Institut Du Cancer de Montpellier Montpellier 34298,['NCT03302884'],1,,,['NCT03302884'],"43.64452980000001, 3.8387344",43.64452980000001,3.8387344
263,Hôpital Privé Loire Saint-Etienne Saint-Étienne 42100,['NCT04027868'],1,,['NCT04027868'],,"45.4282778, 4.4176508",45.4282778,4.4176508
264,Institut de Cancérologie de Loire Saint-Priest-en-Jarez 42271,['NCT03795207'],1,,['NCT03795207'],,"45.4742055, 4.367904",45.4742055,4.367904
265,Institut de Cancérologie du Gard - ONCOGARD Nîmes 30029,['NCT04027868'],1,,['NCT04027868'],,"43.8218442, 4.3232389",43.8218442,4.3232389
266,Institut de Cancérologie de l'Ouest - Site Paul Papin Angers 49000,['NCT04912687'],1,,['NCT04912687'],,"47.48377230000001, -0.5551655999999999",47.48377230000001,-0.5551655999999999
267,"Institut de Cancérologie de l'Ouest - Paul Papin Angers, 49933",['NCT03848052'],1,,,['NCT03848052'],"47.47116159999999, -0.5518257",47.47116159999999,-0.5518257
268,Institut de Cancérologie de Montpellier Montpellier 34298,['NCT03795207'],1,,['NCT03795207'],,"43.610769, 3.876716",43.610769,3.876716
269,Institut de Cancérologie de Lorraine Vandœuvre-lès-Nancy 54519,['NCT03848052'],1,,,['NCT03848052'],"48.6483255, 6.1445737",48.6483255,6.1445737
270,Institut de Cancérologie de Lorraine Nancy 54511,['NCT03275298'],1,,,['NCT03275298'],"48.6483255, 6.1445737",48.6483255,6.1445737
271,AP-HP Hôpital Tenon Paris 75970,['NCT03865511'],1,,['NCT03865511'],,"48.856614, 2.3522219",48.856614,2.3522219
272,Institut Gustave Roussy ( Site 0601) Villejuif 94805,['NCT03742895'],1,,,['NCT03742895'],"48.792716, 2.359279",48.792716,2.359279
273,Institut de Cancer de Montpellier Montpellier 34000,['NCT05025514'],1,,,['NCT05025514'],"43.6047275, 3.9011747",43.6047275,3.9011747
274,Institut de Cancer Courlancy Reims 51100,['NCT04027868'],1,,['NCT04027868'],,"49.2473104, 4.0203136",49.2473104,4.0203136
275,Institut de Cacerologie de l'ouest - site Paul Papin Angers 49055,['NCT03958136'],1,,,['NCT03958136'],"47.48377230000001, -0.5551655999999999",47.48377230000001,-0.5551655999999999
276,Institut Universitaire du Cancer Toulouse - Oncopole Toulouse 31059,['NCT04696692'],1,,,['NCT04696692'],"43.5566589, 1.426502",43.5566589,1.426502
277,Institut Paoli-Calmettes Marseille 13009,['NCT04622319'],1,,,['NCT04622319'],"43.2630412, 5.410851699999999",43.2630412,5.410851699999999
278,Institut Lucien Neuwirth Saint-Priest-en-Jarez 42271,['NCT05049044'],1,,,['NCT05049044'],"45.473518, 4.379554",45.473518,4.379554
279,Hôpital Privé d'Aix en Provence Aix-en-provence 13080,['NCT04027868'],1,,['NCT04027868'],,"43.502923, 5.4363212",43.502923,5.4363212
280,Hôpital Privé Drôme Ardèche Guilherand-Granges 07500,['NCT04027868'],1,,['NCT04027868'],,"44.9344753, 4.882515499999999",44.9344753,4.882515499999999
281,Clinique Mathilde Rouen 76100,['NCT04027868'],1,,['NCT04027868'],,"49.4282472, 1.0965157",49.4282472,1.0965157
282,Groupe Hospitalier Région Mulhouse et Sud Alsace - Hôpital Emile Muller Mulhouse 68070,['NCT03848052'],1,,,['NCT03848052'],"47.7262425, 7.3438251",47.7262425,7.3438251
283,Hopital Jean Minjoz Besançon 25030,['NCT04656652'],1,,,['NCT04656652'],"47.22504869999999, 5.962735899999999",47.22504869999999,5.962735899999999
284,Hopital Georges Pompidou Paris 75015,['NCT04622319'],1,,,['NCT04622319'],"48.83893320000001, 2.2739696",48.83893320000001,2.2739696
285,Hopital Europeen G. Pompidou Paris 75015,['NCT04704934'],1,,,['NCT04704934'],"48.83893320000001, 2.2739696",48.83893320000001,2.2739696
286,Gustave Roussy Villejuif 94805,['NCT05215106'],1,,,['NCT05215106'],"48.792716, 2.359279",48.792716,2.359279
287,Gustave Roussy Villejuif 94800,['NCT04042701'],1,,,['NCT04042701'],"48.7943857, 2.3482831",48.7943857,2.3482831
288,Gustav Roussy Cancer Campus Grand Paris Villejuif 94805,['NCT04656652'],1,,,['NCT04656652'],"48.7943857, 2.3482831",48.7943857,2.3482831
289,Foch hospital Suresnes 92151,['NCT04412070'],1,,,['NCT04412070'],"48.869798, 2.219033",48.869798,2.219033
290,Hopital Pontchaillou Rennes 35000,['NCT04656652'],1,,,['NCT04656652'],"48.1209013, -1.6945449",48.1209013,-1.6945449
291,Crlcc Francois Baclesse Caen 14000,['NCT03865511'],1,,['NCT03865511'],,"49.20388029999999, -0.3540918",49.20388029999999,-0.3540918
292,Clinique du Mousseau (CMCO) - Ramsay Santé Évry 91000,['NCT04027868'],1,,['NCT04027868'],,"48.63027779999999, 2.4494444",48.63027779999999,2.4494444
293,Clinique des Cèdres Cornebarrieu 31700,['NCT04027868'],1,,['NCT04027868'],,"43.6593515, 1.3113981",43.6593515,1.3113981
294,Clinique des Cèdres - Capio Cornebarrieu 31700,['NCT05025514'],1,,,['NCT05025514'],"43.6593515, 1.3113981",43.6593515,1.3113981
295,Clinique de l'infirmerie Protestante Lyon 69300,['NCT04027868'],1,,['NCT04027868'],,"45.7861069, 4.8346675",45.7861069,4.8346675
296,Clinique Tivoli Ducos - Centre dOncologie et de Radiotherapie a Bordeaux Bordeaux 33000,['NCT04622319'],1,,,['NCT04622319'],"44.8572931, -0.5879597",44.8572931,-0.5879597
297,Hopital Morvan CHU de Brest Brest 29200,['NCT04656652'],1,,['NCT04656652'],,"48.3927799, -4.486178",48.3927799,-4.486178
298,Hopital Saint Antoine Paris 75012,['NCT04704934'],1,,,['NCT04704934'],"48.8488116, 2.3827263",48.8488116,2.3827263
299,Hôpital Paul d'Egine Champigny-sur-Marne 94500,['NCT05049044'],1,['NCT05049044'],,,"48.811654, 2.5166138",48.811654,2.5166138
300,Hôpital Européen Marseille 130003,['NCT05049044'],1,,,['NCT05049044'],"43.31010759999999, 5.3723176",43.31010759999999,5.3723176
301,Hôpital Nord Marseille 13915,['NCT05049044'],1,,,['NCT05049044'],"43.296482, 5.36978",43.296482,5.36978
302,Hôpital Nord (Hôpitaux Universitaires de Marseille) Marseille 13915,['NCT04612751'],1,,['NCT04612751'],,"43.296482, 5.36978",43.296482,5.36978
303,Hôpital Lyon Sud Pierre-Bénite 69006,['NCT04027868'],1,,['NCT04027868'],,"45.7027756, 4.8045453",45.7027756,4.8045453
304,Hôpital Intercommunal de Créteil Creteil 94000,['NCT03848052'],1,,,['NCT03848052'],"48.7965026, 2.4654091",48.7965026,2.4654091
305,Hôpital Femme Mère Enfant Bron 89500,['NCT04027868'],1,,['NCT04027868'],,"45.7462537, 4.9007108",45.7462537,4.9007108
306,Hôpital FOCH Suresnes 92150,['NCT04612751'],1,,['NCT04612751'],,"48.8707605, 2.222492",48.8707605,2.222492
307,Hôpital Charles Nicolle Rouen 76031,['NCT05049044'],1,,,['NCT05049044'],"49.4393786, 1.108249",49.4393786,1.108249
308,Hopitaux Universitaire de Strasbourg Strasbourg 67098,['NCT04656652'],1,,,['NCT04656652'],"48.5764924, 7.7532163",48.5764924,7.7532163
309,Hôpital Calmette CHRU de Lille Lille 59037,['NCT03865511'],1,,['NCT03865511'],,"50.6108999, 3.0347031",50.6108999,3.0347031
310,Hôpital Avicenne Bobigny 93009,['NCT04027868'],1,,['NCT04027868'],,"48.908612, 2.439712",48.908612,2.439712
311,Hospital St Louis Paris 75010,['NCT04622319'],1,,,['NCT04622319'],"48.8729577, 2.3670696",48.8729577,2.3670696
312,Hospital Institut Curie Paris 75248,['NCT04612751'],1,,['NCT04612751'],,"48.8433967, 2.3446287",48.8433967,2.3446287
313,Hospices Civils de Lyon Pierre-Bénite 69310,['NCT03795207'],1,,['NCT03795207'],,"45.6948928, 4.8160017",45.6948928,4.8160017
314,Hospices Civils de Lyon Lyon 69002,['NCT04912687'],1,,['NCT04912687'],,"45.7608649, 4.8315594",45.7608649,4.8315594
315,University Hospital of Nantes - Thoracic Oncology Nantes 44000,['NCT04656652'],1,,,['NCT04656652'],"47.21191289999999, -1.5540699",47.21191289999999,-1.5540699
